"TIME_IK";"hour";"minute";"ampm";"TRUNC_TIME"
"0000";0;0;"AM";"00:00:00"
"0001";0;1;"AM";"00:01:00"
"0002";0;2;"AM";"00:02:00"
"0003";0;3;"AM";"00:03:00"
"0004";0;4;"AM";"00:04:00"
"0005";0;5;"AM";"00:05:00"
"0006";0;6;"AM";"00:06:00"
"0007";0;7;"AM";"00:07:00"
"0008";0;8;"AM";"00:08:00"
"0009";0;9;"AM";"00:09:00"
"0010";0;10;"AM";"00:10:00"
"0011";0;11;"AM";"00:11:00"
"0012";0;12;"AM";"00:12:00"
"0013";0;13;"AM";"00:13:00"
"0014";0;14;"AM";"00:14:00"
"0015";0;15;"AM";"00:15:00"
"0016";0;16;"AM";"00:16:00"
"0017";0;17;"AM";"00:17:00"
"0018";0;18;"AM";"00:18:00"
"0019";0;19;"AM";"00:19:00"
"0020";0;20;"AM";"00:20:00"
"0021";0;21;"AM";"00:21:00"
"0022";0;22;"AM";"00:22:00"
"0023";0;23;"AM";"00:23:00"
"0024";0;24;"AM";"00:24:00"
"0025";0;25;"AM";"00:25:00"
"0026";0;26;"AM";"00:26:00"
"0027";0;27;"AM";"00:27:00"
"0028";0;28;"AM";"00:28:00"
"0029";0;29;"AM";"00:29:00"
"0030";0;30;"AM";"00:30:00"
"0031";0;31;"AM";"00:31:00"
"0032";0;32;"AM";"00:32:00"
"0033";0;33;"AM";"00:33:00"
"0034";0;34;"AM";"00:34:00"
"0035";0;35;"AM";"00:35:00"
"0036";0;36;"AM";"00:36:00"
"0037";0;37;"AM";"00:37:00"
"0038";0;38;"AM";"00:38:00"
"0039";0;39;"AM";"00:39:00"
"0040";0;40;"AM";"00:40:00"
"0041";0;41;"AM";"00:41:00"
"0042";0;42;"AM";"00:42:00"
"0043";0;43;"AM";"00:43:00"
"0044";0;44;"AM";"00:44:00"
"0045";0;45;"AM";"00:45:00"
"0046";0;46;"AM";"00:46:00"
"0047";0;47;"AM";"00:47:00"
"0048";0;48;"AM";"00:48:00"
"0049";0;49;"AM";"00:49:00"
"0050";0;50;"AM";"00:50:00"
"0051";0;51;"AM";"00:51:00"
"0052";0;52;"AM";"00:52:00"
"0053";0;53;"AM";"00:53:00"
"0054";0;54;"AM";"00:54:00"
"0055";0;55;"AM";"00:55:00"
"0056";0;56;"AM";"00:56:00"
"0057";0;57;"AM";"00:57:00"
"0058";0;58;"AM";"00:58:00"
"0059";0;59;"AM";"00:59:00"
"0100";1;0;"AM";"01:00:00"
"0101";1;1;"AM";"01:01:00"
"0102";1;2;"AM";"01:02:00"
"0103";1;3;"AM";"01:03:00"
"0104";1;4;"AM";"01:04:00"
"0105";1;5;"AM";"01:05:00"
"0106";1;6;"AM";"01:06:00"
"0107";1;7;"AM";"01:07:00"
"0108";1;8;"AM";"01:08:00"
"0109";1;9;"AM";"01:09:00"
"0110";1;10;"AM";"01:10:00"
"0111";1;11;"AM";"01:11:00"
"0112";1;12;"AM";"01:12:00"
"0113";1;13;"AM";"01:13:00"
"0114";1;14;"AM";"01:14:00"
"0115";1;15;"AM";"01:15:00"
"0116";1;16;"AM";"01:16:00"
"0117";1;17;"AM";"01:17:00"
"0118";1;18;"AM";"01:18:00"
"0119";1;19;"AM";"01:19:00"
"0120";1;20;"AM";"01:20:00"
"0121";1;21;"AM";"01:21:00"
"0122";1;22;"AM";"01:22:00"
"0123";1;23;"AM";"01:23:00"
"0124";1;24;"AM";"01:24:00"
"0125";1;25;"AM";"01:25:00"
"0126";1;26;"AM";"01:26:00"
"0127";1;27;"AM";"01:27:00"
"0128";1;28;"AM";"01:28:00"
"0129";1;29;"AM";"01:29:00"
"0130";1;30;"AM";"01:30:00"
"0131";1;31;"AM";"01:31:00"
"0132";1;32;"AM";"01:32:00"
"0133";1;33;"AM";"01:33:00"
"0134";1;34;"AM";"01:34:00"
"0135";1;35;"AM";"01:35:00"
"0136";1;36;"AM";"01:36:00"
"0137";1;37;"AM";"01:37:00"
"0138";1;38;"AM";"01:38:00"
"0139";1;39;"AM";"01:39:00"
"0140";1;40;"AM";"01:40:00"
"0141";1;41;"AM";"01:41:00"
"0142";1;42;"AM";"01:42:00"
"0143";1;43;"AM";"01:43:00"
"0144";1;44;"AM";"01:44:00"
"0145";1;45;"AM";"01:45:00"
"0146";1;46;"AM";"01:46:00"
"0147";1;47;"AM";"01:47:00"
"0148";1;48;"AM";"01:48:00"
"0149";1;49;"AM";"01:49:00"
"0150";1;50;"AM";"01:50:00"
"0151";1;51;"AM";"01:51:00"
"0152";1;52;"AM";"01:52:00"
"0153";1;53;"AM";"01:53:00"
"0154";1;54;"AM";"01:54:00"
"0155";1;55;"AM";"01:55:00"
"0156";1;56;"AM";"01:56:00"
"0157";1;57;"AM";"01:57:00"
"0158";1;58;"AM";"01:58:00"
"0159";1;59;"AM";"01:59:00"
"0200";2;0;"AM";"02:00:00"
"0201";2;1;"AM";"02:01:00"
"0202";2;2;"AM";"02:02:00"
"0203";2;3;"AM";"02:03:00"
"0204";2;4;"AM";"02:04:00"
"0205";2;5;"AM";"02:05:00"
"0206";2;6;"AM";"02:06:00"
"0207";2;7;"AM";"02:07:00"
"0208";2;8;"AM";"02:08:00"
"0209";2;9;"AM";"02:09:00"
"0210";2;10;"AM";"02:10:00"
"0211";2;11;"AM";"02:11:00"
"0212";2;12;"AM";"02:12:00"
"0213";2;13;"AM";"02:13:00"
"0214";2;14;"AM";"02:14:00"
"0215";2;15;"AM";"02:15:00"
"0216";2;16;"AM";"02:16:00"
"0217";2;17;"AM";"02:17:00"
"0218";2;18;"AM";"02:18:00"
"0219";2;19;"AM";"02:19:00"
"0220";2;20;"AM";"02:20:00"
"0221";2;21;"AM";"02:21:00"
"0222";2;22;"AM";"02:22:00"
"0223";2;23;"AM";"02:23:00"
"0224";2;24;"AM";"02:24:00"
"0225";2;25;"AM";"02:25:00"
"0226";2;26;"AM";"02:26:00"
"0227";2;27;"AM";"02:27:00"
"0228";2;28;"AM";"02:28:00"
"0229";2;29;"AM";"02:29:00"
"0230";2;30;"AM";"02:30:00"
"0231";2;31;"AM";"02:31:00"
"0232";2;32;"AM";"02:32:00"
"0233";2;33;"AM";"02:33:00"
"0234";2;34;"AM";"02:34:00"
"0235";2;35;"AM";"02:35:00"
"0236";2;36;"AM";"02:36:00"
"0237";2;37;"AM";"02:37:00"
"0238";2;38;"AM";"02:38:00"
"0239";2;39;"AM";"02:39:00"
"0240";2;40;"AM";"02:40:00"
"0241";2;41;"AM";"02:41:00"
"0242";2;42;"AM";"02:42:00"
"0243";2;43;"AM";"02:43:00"
"0244";2;44;"AM";"02:44:00"
"0245";2;45;"AM";"02:45:00"
"0246";2;46;"AM";"02:46:00"
"0247";2;47;"AM";"02:47:00"
"0248";2;48;"AM";"02:48:00"
"0249";2;49;"AM";"02:49:00"
"0250";2;50;"AM";"02:50:00"
"0251";2;51;"AM";"02:51:00"
"0252";2;52;"AM";"02:52:00"
"0253";2;53;"AM";"02:53:00"
"0254";2;54;"AM";"02:54:00"
"0255";2;55;"AM";"02:55:00"
"0256";2;56;"AM";"02:56:00"
"0257";2;57;"AM";"02:57:00"
"0258";2;58;"AM";"02:58:00"
"0259";2;59;"AM";"02:59:00"
"0300";3;0;"AM";"03:00:00"
"0301";3;1;"AM";"03:01:00"
"0302";3;2;"AM";"03:02:00"
"0303";3;3;"AM";"03:03:00"
"0304";3;4;"AM";"03:04:00"
"0305";3;5;"AM";"03:05:00"
"0306";3;6;"AM";"03:06:00"
"0307";3;7;"AM";"03:07:00"
"0308";3;8;"AM";"03:08:00"
"0309";3;9;"AM";"03:09:00"
"0310";3;10;"AM";"03:10:00"
"0311";3;11;"AM";"03:11:00"
"0312";3;12;"AM";"03:12:00"
"0313";3;13;"AM";"03:13:00"
"0314";3;14;"AM";"03:14:00"
"0315";3;15;"AM";"03:15:00"
"0316";3;16;"AM";"03:16:00"
"0317";3;17;"AM";"03:17:00"
"0318";3;18;"AM";"03:18:00"
"0319";3;19;"AM";"03:19:00"
"0320";3;20;"AM";"03:20:00"
"0321";3;21;"AM";"03:21:00"
"0322";3;22;"AM";"03:22:00"
"0323";3;23;"AM";"03:23:00"
"0324";3;24;"AM";"03:24:00"
"0325";3;25;"AM";"03:25:00"
"0326";3;26;"AM";"03:26:00"
"0327";3;27;"AM";"03:27:00"
"0328";3;28;"AM";"03:28:00"
"0329";3;29;"AM";"03:29:00"
"0330";3;30;"AM";"03:30:00"
"0331";3;31;"AM";"03:31:00"
"0332";3;32;"AM";"03:32:00"
"0333";3;33;"AM";"03:33:00"
"0334";3;34;"AM";"03:34:00"
"0335";3;35;"AM";"03:35:00"
"0336";3;36;"AM";"03:36:00"
"0337";3;37;"AM";"03:37:00"
"0338";3;38;"AM";"03:38:00"
"0339";3;39;"AM";"03:39:00"
"0340";3;40;"AM";"03:40:00"
"0341";3;41;"AM";"03:41:00"
"0342";3;42;"AM";"03:42:00"
"0343";3;43;"AM";"03:43:00"
"0344";3;44;"AM";"03:44:00"
"0345";3;45;"AM";"03:45:00"
"0346";3;46;"AM";"03:46:00"
"0347";3;47;"AM";"03:47:00"
"0348";3;48;"AM";"03:48:00"
"0349";3;49;"AM";"03:49:00"
"0350";3;50;"AM";"03:50:00"
"0351";3;51;"AM";"03:51:00"
"0352";3;52;"AM";"03:52:00"
"0353";3;53;"AM";"03:53:00"
"0354";3;54;"AM";"03:54:00"
"0355";3;55;"AM";"03:55:00"
"0356";3;56;"AM";"03:56:00"
"0357";3;57;"AM";"03:57:00"
"0358";3;58;"AM";"03:58:00"
"0359";3;59;"AM";"03:59:00"
"0400";4;0;"AM";"04:00:00"
"0401";4;1;"AM";"04:01:00"
"0402";4;2;"AM";"04:02:00"
"0403";4;3;"AM";"04:03:00"
"0404";4;4;"AM";"04:04:00"
"0405";4;5;"AM";"04:05:00"
"0406";4;6;"AM";"04:06:00"
"0407";4;7;"AM";"04:07:00"
"0408";4;8;"AM";"04:08:00"
"0409";4;9;"AM";"04:09:00"
"0410";4;10;"AM";"04:10:00"
"0411";4;11;"AM";"04:11:00"
"0412";4;12;"AM";"04:12:00"
"0413";4;13;"AM";"04:13:00"
"0414";4;14;"AM";"04:14:00"
"0415";4;15;"AM";"04:15:00"
"0416";4;16;"AM";"04:16:00"
"0417";4;17;"AM";"04:17:00"
"0418";4;18;"AM";"04:18:00"
"0419";4;19;"AM";"04:19:00"
"0420";4;20;"AM";"04:20:00"
"0421";4;21;"AM";"04:21:00"
"0422";4;22;"AM";"04:22:00"
"0423";4;23;"AM";"04:23:00"
"0424";4;24;"AM";"04:24:00"
"0425";4;25;"AM";"04:25:00"
"0426";4;26;"AM";"04:26:00"
"0427";4;27;"AM";"04:27:00"
"0428";4;28;"AM";"04:28:00"
"0429";4;29;"AM";"04:29:00"
"0430";4;30;"AM";"04:30:00"
"0431";4;31;"AM";"04:31:00"
"0432";4;32;"AM";"04:32:00"
"0433";4;33;"AM";"04:33:00"
"0434";4;34;"AM";"04:34:00"
"0435";4;35;"AM";"04:35:00"
"0436";4;36;"AM";"04:36:00"
"0437";4;37;"AM";"04:37:00"
"0438";4;38;"AM";"04:38:00"
"0439";4;39;"AM";"04:39:00"
"0440";4;40;"AM";"04:40:00"
"0441";4;41;"AM";"04:41:00"
"0442";4;42;"AM";"04:42:00"
"0443";4;43;"AM";"04:43:00"
"0444";4;44;"AM";"04:44:00"
"0445";4;45;"AM";"04:45:00"
"0446";4;46;"AM";"04:46:00"
"0447";4;47;"AM";"04:47:00"
"0448";4;48;"AM";"04:48:00"
"0449";4;49;"AM";"04:49:00"
"0450";4;50;"AM";"04:50:00"
"0451";4;51;"AM";"04:51:00"
"0452";4;52;"AM";"04:52:00"
"0453";4;53;"AM";"04:53:00"
"0454";4;54;"AM";"04:54:00"
"0455";4;55;"AM";"04:55:00"
"0456";4;56;"AM";"04:56:00"
"0457";4;57;"AM";"04:57:00"
"0458";4;58;"AM";"04:58:00"
"0459";4;59;"AM";"04:59:00"
"0500";5;0;"AM";"05:00:00"
"0501";5;1;"AM";"05:01:00"
"0502";5;2;"AM";"05:02:00"
"0503";5;3;"AM";"05:03:00"
"0504";5;4;"AM";"05:04:00"
"0505";5;5;"AM";"05:05:00"
"0506";5;6;"AM";"05:06:00"
"0507";5;7;"AM";"05:07:00"
"0508";5;8;"AM";"05:08:00"
"0509";5;9;"AM";"05:09:00"
"0510";5;10;"AM";"05:10:00"
"0511";5;11;"AM";"05:11:00"
"0512";5;12;"AM";"05:12:00"
"0513";5;13;"AM";"05:13:00"
"0514";5;14;"AM";"05:14:00"
"0515";5;15;"AM";"05:15:00"
"0516";5;16;"AM";"05:16:00"
"0517";5;17;"AM";"05:17:00"
"0518";5;18;"AM";"05:18:00"
"0519";5;19;"AM";"05:19:00"
"0520";5;20;"AM";"05:20:00"
"0521";5;21;"AM";"05:21:00"
"0522";5;22;"AM";"05:22:00"
"0523";5;23;"AM";"05:23:00"
"0524";5;24;"AM";"05:24:00"
"0525";5;25;"AM";"05:25:00"
"0526";5;26;"AM";"05:26:00"
"0527";5;27;"AM";"05:27:00"
"0528";5;28;"AM";"05:28:00"
"0529";5;29;"AM";"05:29:00"
"0530";5;30;"AM";"05:30:00"
"0531";5;31;"AM";"05:31:00"
"0532";5;32;"AM";"05:32:00"
"0533";5;33;"AM";"05:33:00"
"0534";5;34;"AM";"05:34:00"
"0535";5;35;"AM";"05:35:00"
"0536";5;36;"AM";"05:36:00"
"0537";5;37;"AM";"05:37:00"
"0538";5;38;"AM";"05:38:00"
"0539";5;39;"AM";"05:39:00"
"0540";5;40;"AM";"05:40:00"
"0541";5;41;"AM";"05:41:00"
"0542";5;42;"AM";"05:42:00"
"0543";5;43;"AM";"05:43:00"
"0544";5;44;"AM";"05:44:00"
"0545";5;45;"AM";"05:45:00"
"0546";5;46;"AM";"05:46:00"
"0547";5;47;"AM";"05:47:00"
"0548";5;48;"AM";"05:48:00"
"0549";5;49;"AM";"05:49:00"
"0550";5;50;"AM";"05:50:00"
"0551";5;51;"AM";"05:51:00"
"0552";5;52;"AM";"05:52:00"
"0553";5;53;"AM";"05:53:00"
"0554";5;54;"AM";"05:54:00"
"0555";5;55;"AM";"05:55:00"
"0556";5;56;"AM";"05:56:00"
"0557";5;57;"AM";"05:57:00"
"0558";5;58;"AM";"05:58:00"
"0559";5;59;"AM";"05:59:00"
"0600";6;0;"AM";"06:00:00"
"0601";6;1;"AM";"06:01:00"
"0602";6;2;"AM";"06:02:00"
"0603";6;3;"AM";"06:03:00"
"0604";6;4;"AM";"06:04:00"
"0605";6;5;"AM";"06:05:00"
"0606";6;6;"AM";"06:06:00"
"0607";6;7;"AM";"06:07:00"
"0608";6;8;"AM";"06:08:00"
"0609";6;9;"AM";"06:09:00"
"0610";6;10;"AM";"06:10:00"
"0611";6;11;"AM";"06:11:00"
"0612";6;12;"AM";"06:12:00"
"0613";6;13;"AM";"06:13:00"
"0614";6;14;"AM";"06:14:00"
"0615";6;15;"AM";"06:15:00"
"0616";6;16;"AM";"06:16:00"
"0617";6;17;"AM";"06:17:00"
"0618";6;18;"AM";"06:18:00"
"0619";6;19;"AM";"06:19:00"
"0620";6;20;"AM";"06:20:00"
"0621";6;21;"AM";"06:21:00"
"0622";6;22;"AM";"06:22:00"
"0623";6;23;"AM";"06:23:00"
"0624";6;24;"AM";"06:24:00"
"0625";6;25;"AM";"06:25:00"
"0626";6;26;"AM";"06:26:00"
"0627";6;27;"AM";"06:27:00"
"0628";6;28;"AM";"06:28:00"
"0629";6;29;"AM";"06:29:00"
"0630";6;30;"AM";"06:30:00"
"0631";6;31;"AM";"06:31:00"
"0632";6;32;"AM";"06:32:00"
"0633";6;33;"AM";"06:33:00"
"0634";6;34;"AM";"06:34:00"
"0635";6;35;"AM";"06:35:00"
"0636";6;36;"AM";"06:36:00"
"0637";6;37;"AM";"06:37:00"
"0638";6;38;"AM";"06:38:00"
"0639";6;39;"AM";"06:39:00"
"0640";6;40;"AM";"06:40:00"
"0641";6;41;"AM";"06:41:00"
"0642";6;42;"AM";"06:42:00"
"0643";6;43;"AM";"06:43:00"
"0644";6;44;"AM";"06:44:00"
"0645";6;45;"AM";"06:45:00"
"0646";6;46;"AM";"06:46:00"
"0647";6;47;"AM";"06:47:00"
"0648";6;48;"AM";"06:48:00"
"0649";6;49;"AM";"06:49:00"
"0650";6;50;"AM";"06:50:00"
"0651";6;51;"AM";"06:51:00"
"0652";6;52;"AM";"06:52:00"
"0653";6;53;"AM";"06:53:00"
"0654";6;54;"AM";"06:54:00"
"0655";6;55;"AM";"06:55:00"
"0656";6;56;"AM";"06:56:00"
"0657";6;57;"AM";"06:57:00"
"0658";6;58;"AM";"06:58:00"
"0659";6;59;"AM";"06:59:00"
"0700";7;0;"AM";"07:00:00"
"0701";7;1;"AM";"07:01:00"
"0702";7;2;"AM";"07:02:00"
"0703";7;3;"AM";"07:03:00"
"0704";7;4;"AM";"07:04:00"
"0705";7;5;"AM";"07:05:00"
"0706";7;6;"AM";"07:06:00"
"0707";7;7;"AM";"07:07:00"
"0708";7;8;"AM";"07:08:00"
"0709";7;9;"AM";"07:09:00"
"0710";7;10;"AM";"07:10:00"
"0711";7;11;"AM";"07:11:00"
"0712";7;12;"AM";"07:12:00"
"0713";7;13;"AM";"07:13:00"
"0714";7;14;"AM";"07:14:00"
"0715";7;15;"AM";"07:15:00"
"0716";7;16;"AM";"07:16:00"
"0717";7;17;"AM";"07:17:00"
"0718";7;18;"AM";"07:18:00"
"0719";7;19;"AM";"07:19:00"
"0720";7;20;"AM";"07:20:00"
"0721";7;21;"AM";"07:21:00"
"0722";7;22;"AM";"07:22:00"
"0723";7;23;"AM";"07:23:00"
"0724";7;24;"AM";"07:24:00"
"0725";7;25;"AM";"07:25:00"
"0726";7;26;"AM";"07:26:00"
"0727";7;27;"AM";"07:27:00"
"0728";7;28;"AM";"07:28:00"
"0729";7;29;"AM";"07:29:00"
"0730";7;30;"AM";"07:30:00"
"0731";7;31;"AM";"07:31:00"
"0732";7;32;"AM";"07:32:00"
"0733";7;33;"AM";"07:33:00"
"0734";7;34;"AM";"07:34:00"
"0735";7;35;"AM";"07:35:00"
"0736";7;36;"AM";"07:36:00"
"0737";7;37;"AM";"07:37:00"
"0738";7;38;"AM";"07:38:00"
"0739";7;39;"AM";"07:39:00"
"0740";7;40;"AM";"07:40:00"
"0741";7;41;"AM";"07:41:00"
"0742";7;42;"AM";"07:42:00"
"0743";7;43;"AM";"07:43:00"
"0744";7;44;"AM";"07:44:00"
"0745";7;45;"AM";"07:45:00"
"0746";7;46;"AM";"07:46:00"
"0747";7;47;"AM";"07:47:00"
"0748";7;48;"AM";"07:48:00"
"0749";7;49;"AM";"07:49:00"
"0750";7;50;"AM";"07:50:00"
"0751";7;51;"AM";"07:51:00"
"0752";7;52;"AM";"07:52:00"
"0753";7;53;"AM";"07:53:00"
"0754";7;54;"AM";"07:54:00"
"0755";7;55;"AM";"07:55:00"
"0756";7;56;"AM";"07:56:00"
"0757";7;57;"AM";"07:57:00"
"0758";7;58;"AM";"07:58:00"
"0759";7;59;"AM";"07:59:00"
"0800";8;0;"AM";"08:00:00"
"0801";8;1;"AM";"08:01:00"
"0802";8;2;"AM";"08:02:00"
"0803";8;3;"AM";"08:03:00"
"0804";8;4;"AM";"08:04:00"
"0805";8;5;"AM";"08:05:00"
"0806";8;6;"AM";"08:06:00"
"0807";8;7;"AM";"08:07:00"
"0808";8;8;"AM";"08:08:00"
"0809";8;9;"AM";"08:09:00"
"0810";8;10;"AM";"08:10:00"
"0811";8;11;"AM";"08:11:00"
"0812";8;12;"AM";"08:12:00"
"0813";8;13;"AM";"08:13:00"
"0814";8;14;"AM";"08:14:00"
"0815";8;15;"AM";"08:15:00"
"0816";8;16;"AM";"08:16:00"
"0817";8;17;"AM";"08:17:00"
"0818";8;18;"AM";"08:18:00"
"0819";8;19;"AM";"08:19:00"
"0820";8;20;"AM";"08:20:00"
"0821";8;21;"AM";"08:21:00"
"0822";8;22;"AM";"08:22:00"
"0823";8;23;"AM";"08:23:00"
"0824";8;24;"AM";"08:24:00"
"0825";8;25;"AM";"08:25:00"
"0826";8;26;"AM";"08:26:00"
"0827";8;27;"AM";"08:27:00"
"0828";8;28;"AM";"08:28:00"
"0829";8;29;"AM";"08:29:00"
"0830";8;30;"AM";"08:30:00"
"0831";8;31;"AM";"08:31:00"
"0832";8;32;"AM";"08:32:00"
"0833";8;33;"AM";"08:33:00"
"0834";8;34;"AM";"08:34:00"
"0835";8;35;"AM";"08:35:00"
"0836";8;36;"AM";"08:36:00"
"0837";8;37;"AM";"08:37:00"
"0838";8;38;"AM";"08:38:00"
"0839";8;39;"AM";"08:39:00"
"0840";8;40;"AM";"08:40:00"
"0841";8;41;"AM";"08:41:00"
"0842";8;42;"AM";"08:42:00"
"0843";8;43;"AM";"08:43:00"
"0844";8;44;"AM";"08:44:00"
"0845";8;45;"AM";"08:45:00"
"0846";8;46;"AM";"08:46:00"
"0847";8;47;"AM";"08:47:00"
"0848";8;48;"AM";"08:48:00"
"0849";8;49;"AM";"08:49:00"
"0850";8;50;"AM";"08:50:00"
"0851";8;51;"AM";"08:51:00"
"0852";8;52;"AM";"08:52:00"
"0853";8;53;"AM";"08:53:00"
"0854";8;54;"AM";"08:54:00"
"0855";8;55;"AM";"08:55:00"
"0856";8;56;"AM";"08:56:00"
"0857";8;57;"AM";"08:57:00"
"0858";8;58;"AM";"08:58:00"
"0859";8;59;"AM";"08:59:00"
"0900";9;0;"AM";"09:00:00"
"0901";9;1;"AM";"09:01:00"
"0902";9;2;"AM";"09:02:00"
"0903";9;3;"AM";"09:03:00"
"0904";9;4;"AM";"09:04:00"
"0905";9;5;"AM";"09:05:00"
"0906";9;6;"AM";"09:06:00"
"0907";9;7;"AM";"09:07:00"
"0908";9;8;"AM";"09:08:00"
"0909";9;9;"AM";"09:09:00"
"0910";9;10;"AM";"09:10:00"
"0911";9;11;"AM";"09:11:00"
"0912";9;12;"AM";"09:12:00"
"0913";9;13;"AM";"09:13:00"
"0914";9;14;"AM";"09:14:00"
"0915";9;15;"AM";"09:15:00"
"0916";9;16;"AM";"09:16:00"
"0917";9;17;"AM";"09:17:00"
"0918";9;18;"AM";"09:18:00"
"0919";9;19;"AM";"09:19:00"
"0920";9;20;"AM";"09:20:00"
"0921";9;21;"AM";"09:21:00"
"0922";9;22;"AM";"09:22:00"
"0923";9;23;"AM";"09:23:00"
"0924";9;24;"AM";"09:24:00"
"0925";9;25;"AM";"09:25:00"
"0926";9;26;"AM";"09:26:00"
"0927";9;27;"AM";"09:27:00"
"0928";9;28;"AM";"09:28:00"
"0929";9;29;"AM";"09:29:00"
"0930";9;30;"AM";"09:30:00"
"0931";9;31;"AM";"09:31:00"
"0932";9;32;"AM";"09:32:00"
"0933";9;33;"AM";"09:33:00"
"0934";9;34;"AM";"09:34:00"
"0935";9;35;"AM";"09:35:00"
"0936";9;36;"AM";"09:36:00"
"0937";9;37;"AM";"09:37:00"
"0938";9;38;"AM";"09:38:00"
"0939";9;39;"AM";"09:39:00"
"0940";9;40;"AM";"09:40:00"
"0941";9;41;"AM";"09:41:00"
"0942";9;42;"AM";"09:42:00"
"0943";9;43;"AM";"09:43:00"
"0944";9;44;"AM";"09:44:00"
"0945";9;45;"AM";"09:45:00"
"0946";9;46;"AM";"09:46:00"
"0947";9;47;"AM";"09:47:00"
"0948";9;48;"AM";"09:48:00"
"0949";9;49;"AM";"09:49:00"
"0950";9;50;"AM";"09:50:00"
"0951";9;51;"AM";"09:51:00"
"0952";9;52;"AM";"09:52:00"
"0953";9;53;"AM";"09:53:00"
"0954";9;54;"AM";"09:54:00"
"0955";9;55;"AM";"09:55:00"
"0956";9;56;"AM";"09:56:00"
"0957";9;57;"AM";"09:57:00"
"0958";9;58;"AM";"09:58:00"
"0959";9;59;"AM";"09:59:00"
"1000";10;0;"AM";"10:00:00"
"1001";10;1;"AM";"10:01:00"
"1002";10;2;"AM";"10:02:00"
"1003";10;3;"AM";"10:03:00"
"1004";10;4;"AM";"10:04:00"
"1005";10;5;"AM";"10:05:00"
"1006";10;6;"AM";"10:06:00"
"1007";10;7;"AM";"10:07:00"
"1008";10;8;"AM";"10:08:00"
"1009";10;9;"AM";"10:09:00"
"1010";10;10;"AM";"10:10:00"
"1011";10;11;"AM";"10:11:00"
"1012";10;12;"AM";"10:12:00"
"1013";10;13;"AM";"10:13:00"
"1014";10;14;"AM";"10:14:00"
"1015";10;15;"AM";"10:15:00"
"1016";10;16;"AM";"10:16:00"
"1017";10;17;"AM";"10:17:00"
"1018";10;18;"AM";"10:18:00"
"1019";10;19;"AM";"10:19:00"
"1020";10;20;"AM";"10:20:00"
"1021";10;21;"AM";"10:21:00"
"1022";10;22;"AM";"10:22:00"
"1023";10;23;"AM";"10:23:00"
"1024";10;24;"AM";"10:24:00"
"1025";10;25;"AM";"10:25:00"
"1026";10;26;"AM";"10:26:00"
"1027";10;27;"AM";"10:27:00"
"1028";10;28;"AM";"10:28:00"
"1029";10;29;"AM";"10:29:00"
"1030";10;30;"AM";"10:30:00"
"1031";10;31;"AM";"10:31:00"
"1032";10;32;"AM";"10:32:00"
"1033";10;33;"AM";"10:33:00"
"1034";10;34;"AM";"10:34:00"
"1035";10;35;"AM";"10:35:00"
"1036";10;36;"AM";"10:36:00"
"1037";10;37;"AM";"10:37:00"
"1038";10;38;"AM";"10:38:00"
"1039";10;39;"AM";"10:39:00"
"1040";10;40;"AM";"10:40:00"
"1041";10;41;"AM";"10:41:00"
"1042";10;42;"AM";"10:42:00"
"1043";10;43;"AM";"10:43:00"
"1044";10;44;"AM";"10:44:00"
"1045";10;45;"AM";"10:45:00"
"1046";10;46;"AM";"10:46:00"
"1047";10;47;"AM";"10:47:00"
"1048";10;48;"AM";"10:48:00"
"1049";10;49;"AM";"10:49:00"
"1050";10;50;"AM";"10:50:00"
"1051";10;51;"AM";"10:51:00"
"1052";10;52;"AM";"10:52:00"
"1053";10;53;"AM";"10:53:00"
"1054";10;54;"AM";"10:54:00"
"1055";10;55;"AM";"10:55:00"
"1056";10;56;"AM";"10:56:00"
"1057";10;57;"AM";"10:57:00"
"1058";10;58;"AM";"10:58:00"
"1059";10;59;"AM";"10:59:00"
"1100";11;0;"AM";"11:00:00"
"1101";11;1;"AM";"11:01:00"
"1102";11;2;"AM";"11:02:00"
"1103";11;3;"AM";"11:03:00"
"1104";11;4;"AM";"11:04:00"
"1105";11;5;"AM";"11:05:00"
"1106";11;6;"AM";"11:06:00"
"1107";11;7;"AM";"11:07:00"
"1108";11;8;"AM";"11:08:00"
"1109";11;9;"AM";"11:09:00"
"1110";11;10;"AM";"11:10:00"
"1111";11;11;"AM";"11:11:00"
"1112";11;12;"AM";"11:12:00"
"1113";11;13;"AM";"11:13:00"
"1114";11;14;"AM";"11:14:00"
"1115";11;15;"AM";"11:15:00"
"1116";11;16;"AM";"11:16:00"
"1117";11;17;"AM";"11:17:00"
"1118";11;18;"AM";"11:18:00"
"1119";11;19;"AM";"11:19:00"
"1120";11;20;"AM";"11:20:00"
"1121";11;21;"AM";"11:21:00"
"1122";11;22;"AM";"11:22:00"
"1123";11;23;"AM";"11:23:00"
"1124";11;24;"AM";"11:24:00"
"1125";11;25;"AM";"11:25:00"
"1126";11;26;"AM";"11:26:00"
"1127";11;27;"AM";"11:27:00"
"1128";11;28;"AM";"11:28:00"
"1129";11;29;"AM";"11:29:00"
"1130";11;30;"AM";"11:30:00"
"1131";11;31;"AM";"11:31:00"
"1132";11;32;"AM";"11:32:00"
"1133";11;33;"AM";"11:33:00"
"1134";11;34;"AM";"11:34:00"
"1135";11;35;"AM";"11:35:00"
"1136";11;36;"AM";"11:36:00"
"1137";11;37;"AM";"11:37:00"
"1138";11;38;"AM";"11:38:00"
"1139";11;39;"AM";"11:39:00"
"1140";11;40;"AM";"11:40:00"
"1141";11;41;"AM";"11:41:00"
"1142";11;42;"AM";"11:42:00"
"1143";11;43;"AM";"11:43:00"
"1144";11;44;"AM";"11:44:00"
"1145";11;45;"AM";"11:45:00"
"1146";11;46;"AM";"11:46:00"
"1147";11;47;"AM";"11:47:00"
"1148";11;48;"AM";"11:48:00"
"1149";11;49;"AM";"11:49:00"
"1150";11;50;"AM";"11:50:00"
"1151";11;51;"AM";"11:51:00"
"1152";11;52;"AM";"11:52:00"
"1153";11;53;"AM";"11:53:00"
"1154";11;54;"AM";"11:54:00"
"1155";11;55;"AM";"11:55:00"
"1156";11;56;"AM";"11:56:00"
"1157";11;57;"AM";"11:57:00"
"1158";11;58;"AM";"11:58:00"
"1159";11;59;"AM";"11:59:00"
"1200";12;0;"PM";"12:00:00"
"1201";12;1;"PM";"12:01:00"
"1202";12;2;"PM";"12:02:00"
"1203";12;3;"PM";"12:03:00"
"1204";12;4;"PM";"12:04:00"
"1205";12;5;"PM";"12:05:00"
"1206";12;6;"PM";"12:06:00"
"1207";12;7;"PM";"12:07:00"
"1208";12;8;"PM";"12:08:00"
"1209";12;9;"PM";"12:09:00"
"1210";12;10;"PM";"12:10:00"
"1211";12;11;"PM";"12:11:00"
"1212";12;12;"PM";"12:12:00"
"1213";12;13;"PM";"12:13:00"
"1214";12;14;"PM";"12:14:00"
"1215";12;15;"PM";"12:15:00"
"1216";12;16;"PM";"12:16:00"
"1217";12;17;"PM";"12:17:00"
"1218";12;18;"PM";"12:18:00"
"1219";12;19;"PM";"12:19:00"
"1220";12;20;"PM";"12:20:00"
"1221";12;21;"PM";"12:21:00"
"1222";12;22;"PM";"12:22:00"
"1223";12;23;"PM";"12:23:00"
"1224";12;24;"PM";"12:24:00"
"1225";12;25;"PM";"12:25:00"
"1226";12;26;"PM";"12:26:00"
"1227";12;27;"PM";"12:27:00"
"1228";12;28;"PM";"12:28:00"
"1229";12;29;"PM";"12:29:00"
"1230";12;30;"PM";"12:30:00"
"1231";12;31;"PM";"12:31:00"
"1232";12;32;"PM";"12:32:00"
"1233";12;33;"PM";"12:33:00"
"1234";12;34;"PM";"12:34:00"
"1235";12;35;"PM";"12:35:00"
"1236";12;36;"PM";"12:36:00"
"1237";12;37;"PM";"12:37:00"
"1238";12;38;"PM";"12:38:00"
"1239";12;39;"PM";"12:39:00"
"1240";12;40;"PM";"12:40:00"
"1241";12;41;"PM";"12:41:00"
"1242";12;42;"PM";"12:42:00"
"1243";12;43;"PM";"12:43:00"
"1244";12;44;"PM";"12:44:00"
"1245";12;45;"PM";"12:45:00"
"1246";12;46;"PM";"12:46:00"
"1247";12;47;"PM";"12:47:00"
"1248";12;48;"PM";"12:48:00"
"1249";12;49;"PM";"12:49:00"
"1250";12;50;"PM";"12:50:00"
"1251";12;51;"PM";"12:51:00"
"1252";12;52;"PM";"12:52:00"
"1253";12;53;"PM";"12:53:00"
"1254";12;54;"PM";"12:54:00"
"1255";12;55;"PM";"12:55:00"
"1256";12;56;"PM";"12:56:00"
"1257";12;57;"PM";"12:57:00"
"1258";12;58;"PM";"12:58:00"
"1259";12;59;"PM";"12:59:00"
"1300";13;0;"PM";"13:00:00"
"1301";13;1;"PM";"13:01:00"
"1302";13;2;"PM";"13:02:00"
"1303";13;3;"PM";"13:03:00"
"1304";13;4;"PM";"13:04:00"
"1305";13;5;"PM";"13:05:00"
"1306";13;6;"PM";"13:06:00"
"1307";13;7;"PM";"13:07:00"
"1308";13;8;"PM";"13:08:00"
"1309";13;9;"PM";"13:09:00"
"1310";13;10;"PM";"13:10:00"
"1311";13;11;"PM";"13:11:00"
"1312";13;12;"PM";"13:12:00"
"1313";13;13;"PM";"13:13:00"
"1314";13;14;"PM";"13:14:00"
"1315";13;15;"PM";"13:15:00"
"1316";13;16;"PM";"13:16:00"
"1317";13;17;"PM";"13:17:00"
"1318";13;18;"PM";"13:18:00"
"1319";13;19;"PM";"13:19:00"
"1320";13;20;"PM";"13:20:00"
"1321";13;21;"PM";"13:21:00"
"1322";13;22;"PM";"13:22:00"
"1323";13;23;"PM";"13:23:00"
"1324";13;24;"PM";"13:24:00"
"1325";13;25;"PM";"13:25:00"
"1326";13;26;"PM";"13:26:00"
"1327";13;27;"PM";"13:27:00"
"1328";13;28;"PM";"13:28:00"
"1329";13;29;"PM";"13:29:00"
"1330";13;30;"PM";"13:30:00"
"1331";13;31;"PM";"13:31:00"
"1332";13;32;"PM";"13:32:00"
"1333";13;33;"PM";"13:33:00"
"1334";13;34;"PM";"13:34:00"
"1335";13;35;"PM";"13:35:00"
"1336";13;36;"PM";"13:36:00"
"1337";13;37;"PM";"13:37:00"
"1338";13;38;"PM";"13:38:00"
"1339";13;39;"PM";"13:39:00"
"1340";13;40;"PM";"13:40:00"
"1341";13;41;"PM";"13:41:00"
"1342";13;42;"PM";"13:42:00"
"1343";13;43;"PM";"13:43:00"
"1344";13;44;"PM";"13:44:00"
"1345";13;45;"PM";"13:45:00"
"1346";13;46;"PM";"13:46:00"
"1347";13;47;"PM";"13:47:00"
"1348";13;48;"PM";"13:48:00"
"1349";13;49;"PM";"13:49:00"
"1350";13;50;"PM";"13:50:00"
"1351";13;51;"PM";"13:51:00"
"1352";13;52;"PM";"13:52:00"
"1353";13;53;"PM";"13:53:00"
"1354";13;54;"PM";"13:54:00"
"1355";13;55;"PM";"13:55:00"
"1356";13;56;"PM";"13:56:00"
"1357";13;57;"PM";"13:57:00"
"1358";13;58;"PM";"13:58:00"
"1359";13;59;"PM";"13:59:00"
"1400";14;0;"PM";"14:00:00"
"1401";14;1;"PM";"14:01:00"
"1402";14;2;"PM";"14:02:00"
"1403";14;3;"PM";"14:03:00"
"1404";14;4;"PM";"14:04:00"
"1405";14;5;"PM";"14:05:00"
"1406";14;6;"PM";"14:06:00"
"1407";14;7;"PM";"14:07:00"
"1408";14;8;"PM";"14:08:00"
"1409";14;9;"PM";"14:09:00"
"1410";14;10;"PM";"14:10:00"
"1411";14;11;"PM";"14:11:00"
"1412";14;12;"PM";"14:12:00"
"1413";14;13;"PM";"14:13:00"
"1414";14;14;"PM";"14:14:00"
"1415";14;15;"PM";"14:15:00"
"1416";14;16;"PM";"14:16:00"
"1417";14;17;"PM";"14:17:00"
"1418";14;18;"PM";"14:18:00"
"1419";14;19;"PM";"14:19:00"
"1420";14;20;"PM";"14:20:00"
"1421";14;21;"PM";"14:21:00"
"1422";14;22;"PM";"14:22:00"
"1423";14;23;"PM";"14:23:00"
"1424";14;24;"PM";"14:24:00"
"1425";14;25;"PM";"14:25:00"
"1426";14;26;"PM";"14:26:00"
"1427";14;27;"PM";"14:27:00"
"1428";14;28;"PM";"14:28:00"
"1429";14;29;"PM";"14:29:00"
"1430";14;30;"PM";"14:30:00"
"1431";14;31;"PM";"14:31:00"
"1432";14;32;"PM";"14:32:00"
"1433";14;33;"PM";"14:33:00"
"1434";14;34;"PM";"14:34:00"
"1435";14;35;"PM";"14:35:00"
"1436";14;36;"PM";"14:36:00"
"1437";14;37;"PM";"14:37:00"
"1438";14;38;"PM";"14:38:00"
"1439";14;39;"PM";"14:39:00"
"1440";14;40;"PM";"14:40:00"
"1441";14;41;"PM";"14:41:00"
"1442";14;42;"PM";"14:42:00"
"1443";14;43;"PM";"14:43:00"
"1444";14;44;"PM";"14:44:00"
"1445";14;45;"PM";"14:45:00"
"1446";14;46;"PM";"14:46:00"
"1447";14;47;"PM";"14:47:00"
"1448";14;48;"PM";"14:48:00"
"1449";14;49;"PM";"14:49:00"
"1450";14;50;"PM";"14:50:00"
"1451";14;51;"PM";"14:51:00"
"1452";14;52;"PM";"14:52:00"
"1453";14;53;"PM";"14:53:00"
"1454";14;54;"PM";"14:54:00"
"1455";14;55;"PM";"14:55:00"
"1456";14;56;"PM";"14:56:00"
"1457";14;57;"PM";"14:57:00"
"1458";14;58;"PM";"14:58:00"
"1459";14;59;"PM";"14:59:00"
"1500";15;0;"PM";"15:00:00"
"1501";15;1;"PM";"15:01:00"
"1502";15;2;"PM";"15:02:00"
"1503";15;3;"PM";"15:03:00"
"1504";15;4;"PM";"15:04:00"
"1505";15;5;"PM";"15:05:00"
"1506";15;6;"PM";"15:06:00"
"1507";15;7;"PM";"15:07:00"
"1508";15;8;"PM";"15:08:00"
"1509";15;9;"PM";"15:09:00"
"1510";15;10;"PM";"15:10:00"
"1511";15;11;"PM";"15:11:00"
"1512";15;12;"PM";"15:12:00"
"1513";15;13;"PM";"15:13:00"
"1514";15;14;"PM";"15:14:00"
"1515";15;15;"PM";"15:15:00"
"1516";15;16;"PM";"15:16:00"
"1517";15;17;"PM";"15:17:00"
"1518";15;18;"PM";"15:18:00"
"1519";15;19;"PM";"15:19:00"
"1520";15;20;"PM";"15:20:00"
"1521";15;21;"PM";"15:21:00"
"1522";15;22;"PM";"15:22:00"
"1523";15;23;"PM";"15:23:00"
"1524";15;24;"PM";"15:24:00"
"1525";15;25;"PM";"15:25:00"
"1526";15;26;"PM";"15:26:00"
"1527";15;27;"PM";"15:27:00"
"1528";15;28;"PM";"15:28:00"
"1529";15;29;"PM";"15:29:00"
"1530";15;30;"PM";"15:30:00"
"1531";15;31;"PM";"15:31:00"
"1532";15;32;"PM";"15:32:00"
"1533";15;33;"PM";"15:33:00"
"1534";15;34;"PM";"15:34:00"
"1535";15;35;"PM";"15:35:00"
"1536";15;36;"PM";"15:36:00"
"1537";15;37;"PM";"15:37:00"
"1538";15;38;"PM";"15:38:00"
"1539";15;39;"PM";"15:39:00"
"1540";15;40;"PM";"15:40:00"
"1541";15;41;"PM";"15:41:00"
"1542";15;42;"PM";"15:42:00"
"1543";15;43;"PM";"15:43:00"
"1544";15;44;"PM";"15:44:00"
"1545";15;45;"PM";"15:45:00"
"1546";15;46;"PM";"15:46:00"
"1547";15;47;"PM";"15:47:00"
"1548";15;48;"PM";"15:48:00"
"1549";15;49;"PM";"15:49:00"
"1550";15;50;"PM";"15:50:00"
"1551";15;51;"PM";"15:51:00"
"1552";15;52;"PM";"15:52:00"
"1553";15;53;"PM";"15:53:00"
"1554";15;54;"PM";"15:54:00"
"1555";15;55;"PM";"15:55:00"
"1556";15;56;"PM";"15:56:00"
"1557";15;57;"PM";"15:57:00"
"1558";15;58;"PM";"15:58:00"
"1559";15;59;"PM";"15:59:00"
"1600";16;0;"PM";"16:00:00"
"1601";16;1;"PM";"16:01:00"
"1602";16;2;"PM";"16:02:00"
"1603";16;3;"PM";"16:03:00"
"1604";16;4;"PM";"16:04:00"
"1605";16;5;"PM";"16:05:00"
"1606";16;6;"PM";"16:06:00"
"1607";16;7;"PM";"16:07:00"
"1608";16;8;"PM";"16:08:00"
"1609";16;9;"PM";"16:09:00"
"1610";16;10;"PM";"16:10:00"
"1611";16;11;"PM";"16:11:00"
"1612";16;12;"PM";"16:12:00"
"1613";16;13;"PM";"16:13:00"
"1614";16;14;"PM";"16:14:00"
"1615";16;15;"PM";"16:15:00"
"1616";16;16;"PM";"16:16:00"
"1617";16;17;"PM";"16:17:00"
"1618";16;18;"PM";"16:18:00"
"1619";16;19;"PM";"16:19:00"
"1620";16;20;"PM";"16:20:00"
"1621";16;21;"PM";"16:21:00"
"1622";16;22;"PM";"16:22:00"
"1623";16;23;"PM";"16:23:00"
"1624";16;24;"PM";"16:24:00"
"1625";16;25;"PM";"16:25:00"
"1626";16;26;"PM";"16:26:00"
"1627";16;27;"PM";"16:27:00"
"1628";16;28;"PM";"16:28:00"
"1629";16;29;"PM";"16:29:00"
"1630";16;30;"PM";"16:30:00"
"1631";16;31;"PM";"16:31:00"
"1632";16;32;"PM";"16:32:00"
"1633";16;33;"PM";"16:33:00"
"1634";16;34;"PM";"16:34:00"
"1635";16;35;"PM";"16:35:00"
"1636";16;36;"PM";"16:36:00"
"1637";16;37;"PM";"16:37:00"
"1638";16;38;"PM";"16:38:00"
"1639";16;39;"PM";"16:39:00"
"1640";16;40;"PM";"16:40:00"
"1641";16;41;"PM";"16:41:00"
"1642";16;42;"PM";"16:42:00"
"1643";16;43;"PM";"16:43:00"
"1644";16;44;"PM";"16:44:00"
"1645";16;45;"PM";"16:45:00"
"1646";16;46;"PM";"16:46:00"
"1647";16;47;"PM";"16:47:00"
"1648";16;48;"PM";"16:48:00"
"1649";16;49;"PM";"16:49:00"
"1650";16;50;"PM";"16:50:00"
"1651";16;51;"PM";"16:51:00"
"1652";16;52;"PM";"16:52:00"
"1653";16;53;"PM";"16:53:00"
"1654";16;54;"PM";"16:54:00"
"1655";16;55;"PM";"16:55:00"
"1656";16;56;"PM";"16:56:00"
"1657";16;57;"PM";"16:57:00"
"1658";16;58;"PM";"16:58:00"
"1659";16;59;"PM";"16:59:00"
"1700";17;0;"PM";"17:00:00"
"1701";17;1;"PM";"17:01:00"
"1702";17;2;"PM";"17:02:00"
"1703";17;3;"PM";"17:03:00"
"1704";17;4;"PM";"17:04:00"
"1705";17;5;"PM";"17:05:00"
"1706";17;6;"PM";"17:06:00"
"1707";17;7;"PM";"17:07:00"
"1708";17;8;"PM";"17:08:00"
"1709";17;9;"PM";"17:09:00"
"1710";17;10;"PM";"17:10:00"
"1711";17;11;"PM";"17:11:00"
"1712";17;12;"PM";"17:12:00"
"1713";17;13;"PM";"17:13:00"
"1714";17;14;"PM";"17:14:00"
"1715";17;15;"PM";"17:15:00"
"1716";17;16;"PM";"17:16:00"
"1717";17;17;"PM";"17:17:00"
"1718";17;18;"PM";"17:18:00"
"1719";17;19;"PM";"17:19:00"
"1720";17;20;"PM";"17:20:00"
"1721";17;21;"PM";"17:21:00"
"1722";17;22;"PM";"17:22:00"
"1723";17;23;"PM";"17:23:00"
"1724";17;24;"PM";"17:24:00"
"1725";17;25;"PM";"17:25:00"
"1726";17;26;"PM";"17:26:00"
"1727";17;27;"PM";"17:27:00"
"1728";17;28;"PM";"17:28:00"
"1729";17;29;"PM";"17:29:00"
"1730";17;30;"PM";"17:30:00"
"1731";17;31;"PM";"17:31:00"
"1732";17;32;"PM";"17:32:00"
"1733";17;33;"PM";"17:33:00"
"1734";17;34;"PM";"17:34:00"
"1735";17;35;"PM";"17:35:00"
"1736";17;36;"PM";"17:36:00"
"1737";17;37;"PM";"17:37:00"
"1738";17;38;"PM";"17:38:00"
"1739";17;39;"PM";"17:39:00"
"1740";17;40;"PM";"17:40:00"
"1741";17;41;"PM";"17:41:00"
"1742";17;42;"PM";"17:42:00"
"1743";17;43;"PM";"17:43:00"
"1744";17;44;"PM";"17:44:00"
"1745";17;45;"PM";"17:45:00"
"1746";17;46;"PM";"17:46:00"
"1747";17;47;"PM";"17:47:00"
"1748";17;48;"PM";"17:48:00"
"1749";17;49;"PM";"17:49:00"
"1750";17;50;"PM";"17:50:00"
"1751";17;51;"PM";"17:51:00"
"1752";17;52;"PM";"17:52:00"
"1753";17;53;"PM";"17:53:00"
"1754";17;54;"PM";"17:54:00"
"1755";17;55;"PM";"17:55:00"
"1756";17;56;"PM";"17:56:00"
"1757";17;57;"PM";"17:57:00"
"1758";17;58;"PM";"17:58:00"
"1759";17;59;"PM";"17:59:00"
"1800";18;0;"PM";"18:00:00"
"1801";18;1;"PM";"18:01:00"
"1802";18;2;"PM";"18:02:00"
"1803";18;3;"PM";"18:03:00"
"1804";18;4;"PM";"18:04:00"
"1805";18;5;"PM";"18:05:00"
"1806";18;6;"PM";"18:06:00"
"1807";18;7;"PM";"18:07:00"
"1808";18;8;"PM";"18:08:00"
"1809";18;9;"PM";"18:09:00"
"1810";18;10;"PM";"18:10:00"
"1811";18;11;"PM";"18:11:00"
"1812";18;12;"PM";"18:12:00"
"1813";18;13;"PM";"18:13:00"
"1814";18;14;"PM";"18:14:00"
"1815";18;15;"PM";"18:15:00"
"1816";18;16;"PM";"18:16:00"
"1817";18;17;"PM";"18:17:00"
"1818";18;18;"PM";"18:18:00"
"1819";18;19;"PM";"18:19:00"
"1820";18;20;"PM";"18:20:00"
"1821";18;21;"PM";"18:21:00"
"1822";18;22;"PM";"18:22:00"
"1823";18;23;"PM";"18:23:00"
"1824";18;24;"PM";"18:24:00"
"1825";18;25;"PM";"18:25:00"
"1826";18;26;"PM";"18:26:00"
"1827";18;27;"PM";"18:27:00"
"1828";18;28;"PM";"18:28:00"
"1829";18;29;"PM";"18:29:00"
"1830";18;30;"PM";"18:30:00"
"1831";18;31;"PM";"18:31:00"
"1832";18;32;"PM";"18:32:00"
"1833";18;33;"PM";"18:33:00"
"1834";18;34;"PM";"18:34:00"
"1835";18;35;"PM";"18:35:00"
"1836";18;36;"PM";"18:36:00"
"1837";18;37;"PM";"18:37:00"
"1838";18;38;"PM";"18:38:00"
"1839";18;39;"PM";"18:39:00"
"1840";18;40;"PM";"18:40:00"
"1841";18;41;"PM";"18:41:00"
"1842";18;42;"PM";"18:42:00"
"1843";18;43;"PM";"18:43:00"
"1844";18;44;"PM";"18:44:00"
"1845";18;45;"PM";"18:45:00"
"1846";18;46;"PM";"18:46:00"
"1847";18;47;"PM";"18:47:00"
"1848";18;48;"PM";"18:48:00"
"1849";18;49;"PM";"18:49:00"
"1850";18;50;"PM";"18:50:00"
"1851";18;51;"PM";"18:51:00"
"1852";18;52;"PM";"18:52:00"
"1853";18;53;"PM";"18:53:00"
"1854";18;54;"PM";"18:54:00"
"1855";18;55;"PM";"18:55:00"
"1856";18;56;"PM";"18:56:00"
"1857";18;57;"PM";"18:57:00"
"1858";18;58;"PM";"18:58:00"
"1859";18;59;"PM";"18:59:00"
"1900";19;0;"PM";"19:00:00"
"1901";19;1;"PM";"19:01:00"
"1902";19;2;"PM";"19:02:00"
"1903";19;3;"PM";"19:03:00"
"1904";19;4;"PM";"19:04:00"
"1905";19;5;"PM";"19:05:00"
"1906";19;6;"PM";"19:06:00"
"1907";19;7;"PM";"19:07:00"
"1908";19;8;"PM";"19:08:00"
"1909";19;9;"PM";"19:09:00"
"1910";19;10;"PM";"19:10:00"
"1911";19;11;"PM";"19:11:00"
"1912";19;12;"PM";"19:12:00"
"1913";19;13;"PM";"19:13:00"
"1914";19;14;"PM";"19:14:00"
"1915";19;15;"PM";"19:15:00"
"1916";19;16;"PM";"19:16:00"
"1917";19;17;"PM";"19:17:00"
"1918";19;18;"PM";"19:18:00"
"1919";19;19;"PM";"19:19:00"
"1920";19;20;"PM";"19:20:00"
"1921";19;21;"PM";"19:21:00"
"1922";19;22;"PM";"19:22:00"
"1923";19;23;"PM";"19:23:00"
"1924";19;24;"PM";"19:24:00"
"1925";19;25;"PM";"19:25:00"
"1926";19;26;"PM";"19:26:00"
"1927";19;27;"PM";"19:27:00"
"1928";19;28;"PM";"19:28:00"
"1929";19;29;"PM";"19:29:00"
"1930";19;30;"PM";"19:30:00"
"1931";19;31;"PM";"19:31:00"
"1932";19;32;"PM";"19:32:00"
"1933";19;33;"PM";"19:33:00"
"1934";19;34;"PM";"19:34:00"
"1935";19;35;"PM";"19:35:00"
"1936";19;36;"PM";"19:36:00"
"1937";19;37;"PM";"19:37:00"
"1938";19;38;"PM";"19:38:00"
"1939";19;39;"PM";"19:39:00"
"1940";19;40;"PM";"19:40:00"
"1941";19;41;"PM";"19:41:00"
"1942";19;42;"PM";"19:42:00"
"1943";19;43;"PM";"19:43:00"
"1944";19;44;"PM";"19:44:00"
"1945";19;45;"PM";"19:45:00"
"1946";19;46;"PM";"19:46:00"
"1947";19;47;"PM";"19:47:00"
"1948";19;48;"PM";"19:48:00"
"1949";19;49;"PM";"19:49:00"
"1950";19;50;"PM";"19:50:00"
"1951";19;51;"PM";"19:51:00"
"1952";19;52;"PM";"19:52:00"
"1953";19;53;"PM";"19:53:00"
"1954";19;54;"PM";"19:54:00"
"1955";19;55;"PM";"19:55:00"
"1956";19;56;"PM";"19:56:00"
"1957";19;57;"PM";"19:57:00"
"1958";19;58;"PM";"19:58:00"
"1959";19;59;"PM";"19:59:00"
"2000";20;0;"PM";"20:00:00"
"2001";20;1;"PM";"20:01:00"
"2002";20;2;"PM";"20:02:00"
"2003";20;3;"PM";"20:03:00"
"2004";20;4;"PM";"20:04:00"
"2005";20;5;"PM";"20:05:00"
"2006";20;6;"PM";"20:06:00"
"2007";20;7;"PM";"20:07:00"
"2008";20;8;"PM";"20:08:00"
"2009";20;9;"PM";"20:09:00"
"2010";20;10;"PM";"20:10:00"
"2011";20;11;"PM";"20:11:00"
"2012";20;12;"PM";"20:12:00"
"2013";20;13;"PM";"20:13:00"
"2014";20;14;"PM";"20:14:00"
"2015";20;15;"PM";"20:15:00"
"2016";20;16;"PM";"20:16:00"
"2017";20;17;"PM";"20:17:00"
"2018";20;18;"PM";"20:18:00"
"2019";20;19;"PM";"20:19:00"
"2020";20;20;"PM";"20:20:00"
"2021";20;21;"PM";"20:21:00"
"2022";20;22;"PM";"20:22:00"
"2023";20;23;"PM";"20:23:00"
"2024";20;24;"PM";"20:24:00"
"2025";20;25;"PM";"20:25:00"
"2026";20;26;"PM";"20:26:00"
"2027";20;27;"PM";"20:27:00"
"2028";20;28;"PM";"20:28:00"
"2029";20;29;"PM";"20:29:00"
"2030";20;30;"PM";"20:30:00"
"2031";20;31;"PM";"20:31:00"
"2032";20;32;"PM";"20:32:00"
"2033";20;33;"PM";"20:33:00"
"2034";20;34;"PM";"20:34:00"
"2035";20;35;"PM";"20:35:00"
"2036";20;36;"PM";"20:36:00"
"2037";20;37;"PM";"20:37:00"
"2038";20;38;"PM";"20:38:00"
"2039";20;39;"PM";"20:39:00"
"2040";20;40;"PM";"20:40:00"
"2041";20;41;"PM";"20:41:00"
"2042";20;42;"PM";"20:42:00"
"2043";20;43;"PM";"20:43:00"
"2044";20;44;"PM";"20:44:00"
"2045";20;45;"PM";"20:45:00"
"2046";20;46;"PM";"20:46:00"
"2047";20;47;"PM";"20:47:00"
"2048";20;48;"PM";"20:48:00"
"2049";20;49;"PM";"20:49:00"
"2050";20;50;"PM";"20:50:00"
"2051";20;51;"PM";"20:51:00"
"2052";20;52;"PM";"20:52:00"
"2053";20;53;"PM";"20:53:00"
"2054";20;54;"PM";"20:54:00"
"2055";20;55;"PM";"20:55:00"
"2056";20;56;"PM";"20:56:00"
"2057";20;57;"PM";"20:57:00"
"2058";20;58;"PM";"20:58:00"
"2059";20;59;"PM";"20:59:00"
"2100";21;0;"PM";"21:00:00"
"2101";21;1;"PM";"21:01:00"
"2102";21;2;"PM";"21:02:00"
"2103";21;3;"PM";"21:03:00"
"2104";21;4;"PM";"21:04:00"
"2105";21;5;"PM";"21:05:00"
"2106";21;6;"PM";"21:06:00"
"2107";21;7;"PM";"21:07:00"
"2108";21;8;"PM";"21:08:00"
"2109";21;9;"PM";"21:09:00"
"2110";21;10;"PM";"21:10:00"
"2111";21;11;"PM";"21:11:00"
"2112";21;12;"PM";"21:12:00"
"2113";21;13;"PM";"21:13:00"
"2114";21;14;"PM";"21:14:00"
"2115";21;15;"PM";"21:15:00"
"2116";21;16;"PM";"21:16:00"
"2117";21;17;"PM";"21:17:00"
"2118";21;18;"PM";"21:18:00"
"2119";21;19;"PM";"21:19:00"
"2120";21;20;"PM";"21:20:00"
"2121";21;21;"PM";"21:21:00"
"2122";21;22;"PM";"21:22:00"
"2123";21;23;"PM";"21:23:00"
"2124";21;24;"PM";"21:24:00"
"2125";21;25;"PM";"21:25:00"
"2126";21;26;"PM";"21:26:00"
"2127";21;27;"PM";"21:27:00"
"2128";21;28;"PM";"21:28:00"
"2129";21;29;"PM";"21:29:00"
"2130";21;30;"PM";"21:30:00"
"2131";21;31;"PM";"21:31:00"
"2132";21;32;"PM";"21:32:00"
"2133";21;33;"PM";"21:33:00"
"2134";21;34;"PM";"21:34:00"
"2135";21;35;"PM";"21:35:00"
"2136";21;36;"PM";"21:36:00"
"2137";21;37;"PM";"21:37:00"
"2138";21;38;"PM";"21:38:00"
"2139";21;39;"PM";"21:39:00"
"2140";21;40;"PM";"21:40:00"
"2141";21;41;"PM";"21:41:00"
"2142";21;42;"PM";"21:42:00"
"2143";21;43;"PM";"21:43:00"
"2144";21;44;"PM";"21:44:00"
"2145";21;45;"PM";"21:45:00"
"2146";21;46;"PM";"21:46:00"
"2147";21;47;"PM";"21:47:00"
"2148";21;48;"PM";"21:48:00"
"2149";21;49;"PM";"21:49:00"
"2150";21;50;"PM";"21:50:00"
"2151";21;51;"PM";"21:51:00"
"2152";21;52;"PM";"21:52:00"
"2153";21;53;"PM";"21:53:00"
"2154";21;54;"PM";"21:54:00"
"2155";21;55;"PM";"21:55:00"
"2156";21;56;"PM";"21:56:00"
"2157";21;57;"PM";"21:57:00"
"2158";21;58;"PM";"21:58:00"
"2159";21;59;"PM";"21:59:00"
"2200";22;0;"PM";"22:00:00"
"2201";22;1;"PM";"22:01:00"
"2202";22;2;"PM";"22:02:00"
"2203";22;3;"PM";"22:03:00"
"2204";22;4;"PM";"22:04:00"
"2205";22;5;"PM";"22:05:00"
"2206";22;6;"PM";"22:06:00"
"2207";22;7;"PM";"22:07:00"
"2208";22;8;"PM";"22:08:00"
"2209";22;9;"PM";"22:09:00"
"2210";22;10;"PM";"22:10:00"
"2211";22;11;"PM";"22:11:00"
"2212";22;12;"PM";"22:12:00"
"2213";22;13;"PM";"22:13:00"
"2214";22;14;"PM";"22:14:00"
"2215";22;15;"PM";"22:15:00"
"2216";22;16;"PM";"22:16:00"
"2217";22;17;"PM";"22:17:00"
"2218";22;18;"PM";"22:18:00"
"2219";22;19;"PM";"22:19:00"
"2220";22;20;"PM";"22:20:00"
"2221";22;21;"PM";"22:21:00"
"2222";22;22;"PM";"22:22:00"
"2223";22;23;"PM";"22:23:00"
"2224";22;24;"PM";"22:24:00"
"2225";22;25;"PM";"22:25:00"
"2226";22;26;"PM";"22:26:00"
"2227";22;27;"PM";"22:27:00"
"2228";22;28;"PM";"22:28:00"
"2229";22;29;"PM";"22:29:00"
"2230";22;30;"PM";"22:30:00"
"2231";22;31;"PM";"22:31:00"
"2232";22;32;"PM";"22:32:00"
"2233";22;33;"PM";"22:33:00"
"2234";22;34;"PM";"22:34:00"
"2235";22;35;"PM";"22:35:00"
"2236";22;36;"PM";"22:36:00"
"2237";22;37;"PM";"22:37:00"
"2238";22;38;"PM";"22:38:00"
"2239";22;39;"PM";"22:39:00"
"2240";22;40;"PM";"22:40:00"
"2241";22;41;"PM";"22:41:00"
"2242";22;42;"PM";"22:42:00"
"2243";22;43;"PM";"22:43:00"
"2244";22;44;"PM";"22:44:00"
"2245";22;45;"PM";"22:45:00"
"2246";22;46;"PM";"22:46:00"
"2247";22;47;"PM";"22:47:00"
"2248";22;48;"PM";"22:48:00"
"2249";22;49;"PM";"22:49:00"
"2250";22;50;"PM";"22:50:00"
"2251";22;51;"PM";"22:51:00"
"2252";22;52;"PM";"22:52:00"
"2253";22;53;"PM";"22:53:00"
"2254";22;54;"PM";"22:54:00"
"2255";22;55;"PM";"22:55:00"
"2256";22;56;"PM";"22:56:00"
"2257";22;57;"PM";"22:57:00"
"2258";22;58;"PM";"22:58:00"
"2259";22;59;"PM";"22:59:00"
"2300";23;0;"PM";"23:00:00"
"2301";23;1;"PM";"23:01:00"
"2302";23;2;"PM";"23:02:00"
"2303";23;3;"PM";"23:03:00"
"2304";23;4;"PM";"23:04:00"
"2305";23;5;"PM";"23:05:00"
"2306";23;6;"PM";"23:06:00"
"2307";23;7;"PM";"23:07:00"
"2308";23;8;"PM";"23:08:00"
"2309";23;9;"PM";"23:09:00"
"2310";23;10;"PM";"23:10:00"
"2311";23;11;"PM";"23:11:00"
"2312";23;12;"PM";"23:12:00"
"2313";23;13;"PM";"23:13:00"
"2314";23;14;"PM";"23:14:00"
"2315";23;15;"PM";"23:15:00"
"2316";23;16;"PM";"23:16:00"
"2317";23;17;"PM";"23:17:00"
"2318";23;18;"PM";"23:18:00"
"2319";23;19;"PM";"23:19:00"
"2320";23;20;"PM";"23:20:00"
"2321";23;21;"PM";"23:21:00"
"2322";23;22;"PM";"23:22:00"
"2323";23;23;"PM";"23:23:00"
"2324";23;24;"PM";"23:24:00"
"2325";23;25;"PM";"23:25:00"
"2326";23;26;"PM";"23:26:00"
"2327";23;27;"PM";"23:27:00"
"2328";23;28;"PM";"23:28:00"
"2329";23;29;"PM";"23:29:00"
"2330";23;30;"PM";"23:30:00"
"2331";23;31;"PM";"23:31:00"
"2332";23;32;"PM";"23:32:00"
"2333";23;33;"PM";"23:33:00"
"2334";23;34;"PM";"23:34:00"
"2335";23;35;"PM";"23:35:00"
"2336";23;36;"PM";"23:36:00"
"2337";23;37;"PM";"23:37:00"
"2338";23;38;"PM";"23:38:00"
"2339";23;39;"PM";"23:39:00"
"2340";23;40;"PM";"23:40:00"
"2341";23;41;"PM";"23:41:00"
"2342";23;42;"PM";"23:42:00"
"2343";23;43;"PM";"23:43:00"
"2344";23;44;"PM";"23:44:00"
"2345";23;45;"PM";"23:45:00"
"2346";23;46;"PM";"23:46:00"
"2347";23;47;"PM";"23:47:00"
"2348";23;48;"PM";"23:48:00"
"2349";23;49;"PM";"23:49:00"
"2350";23;50;"PM";"23:50:00"
"2351";23;51;"PM";"23:51:00"
"2352";23;52;"PM";"23:52:00"
"2353";23;53;"PM";"23:53:00"
"2354";23;54;"PM";"23:54:00"
"2355";23;55;"PM";"23:55:00"
"2356";23;56;"PM";"23:56:00"
"2357";23;57;"PM";"23:57:00"
"2358";23;58;"PM";"23:58:00"
"2359";23;59;"PM";"23:59:00"
